Event,Username,Firstname,Lastname,Message,Time
ee,becomingX36,Beex36,,lô 67.76.34.43.24.42x 10d.  xiên quay 67.76.24.42x30n. 67.76.34.43x30n,Wed Jul 19 16:55:55 2023
ee,becomingX36,Beex36,,"Xien quay 05,53,90,86x500k .35,53,90,86x300k",Wed Jul 19 17:03:09 2023
q,becomingX36,Beex36,,"Xien quay 05,53,90,86x500k .35,53,90,86x300k",Wed Jul 19 17:18:41 2023
q,becomingX36,Beex36,,Xq: 010.020 100n. Xq: 010.030 100n. Xien quay: 010.040 x 100k,Wed Jul 19 17:19:13 2023
q,becomingX36,Beex36,,"lô 67.76.34.43.24.42x 10d.  xiên quay 67.76.24.42x30n. 67.76.34.43x30n 

T7",Wed Jul 19 17:19:35 2023
q,becomingX36,Beex36,,"Xq:565,010,x100 k,xq:181,585,x100 k c vân.",Wed Jul 19 17:20:42 2023
q,becomingX36,Beex36,,De 42-80x100,Wed Jul 19 17:20:59 2023
q,becomingX36,Beex36,,T3 Xq 42-69-48-80x100,Wed Jul 19 17:21:27 2023
q,becomingX36,Beex36,,"Xien 86,90x1000k .86,53x1000k.",Wed Jul 19 17:21:43 2023
q,becomingX36,Beex36,,"Xien quay 05,53,90,86x500k .35,53,90,86x300k",Wed Jul 19 17:21:58 2023
w,becomingX36,Beex36,,"Xq:565,010,x100 k,xq:181,585,x100 k c vân.",Wed Jul 19 17:29:45 2023
w,becomingX36,Beex36,,T3 Xq 42-69-48-80x100,Wed Jul 19 17:32:38 2023
w,becomingX36,Beex36,,"Xien quay 05,53,90,86x500k .35,53,90,86x300k",Wed Jul 19 17:33:35 2023
q,becomingX36,Beex36,,"Xien quay 05,53,90,86x500k .35,53,90,86x300k",Wed Jul 19 17:37:45 2023
s,becomingX36,Beex36,,"Xq:565,010,x100 k,xq:181,585,x100 k c vân.",Wed Jul 19 17:46:06 2023
sss,becomingX36,Beex36,,"Xq:565,010,x100 k,xq:181,585,x100 k c vân.",Wed Jul 19 17:46:59 2023
sdf,becomingX36,Beex36,,"Xq:565,010,x100 k,xiên ghepx2:181,585,x100 k c vân.",Wed Jul 19 17:49:43 2023
d,becomingX36,Beex36,,"Xq:565,010,x100 k,xiên ghepx2:181,585,x100 k c vân.",Wed Jul 19 17:50:34 2023
qq,becomingX36,Beex36,,"Xq:565,010,x100 k,xiên ghepx2:181,585,x100 k c vân.",Wed Jul 19 17:51:17 2023
